Primer_Name,Primer_Description,Primer_Sequence,Primer_Tail_Sequence,Primer_Binding_Sequence
NBO_AD01,delLacI75100_fw,CGAAGCGGCGTCGAAGC,,CGAAGCGGCGTCGAAGC
NBO_AD02,delLacI75100_rv,GTGCAGGGCCAGACTGG,,GTGCAGGGCCAGACTGG
NBO_AD03,LacI75100_Fw_0mut,GATCAACTGGGTGCCAGCGTGGTGGTGTCGATGGTAGAACGAAGCGGCGTCGAAGC,GATCAACTGGGTGCCAGCGTGGTGGTGTCGATGGTAGAA,CGAAGCGGCGTCGAAGC
NBO_AD04,LacI75100_Rev_0mut,GGCGCGAGATTTAATCGCCGCGACAATTTGCGACGGCGCGTGCAGGGCCAGACTGGAG,GGCGCGAGATTTAATCGCCGCGACAATTTGCGACGGCGC,GTGCAGGGCCAGACTGGAG
NBO_AD05,LacI75100_Fw_1mut_100NNK,GATCAACTGGGTGCCAGCGTGGTGGTGTCGATGGTANNKCGAAGCGGCGTCGAAGC,GATCAACTGGGTGCCAGCGTGGTGGTGTCGATGGTANNK,CGAAGCGGCGTCGAAGC
NBO_AD06,LacI75100_Fw_1mut_99NNK,GATCAACTGGGTGCCAGCGTGGTGGTGTCGATGNNKGAACGAAGCGGCGTCGAAGC,GATCAACTGGGTGCCAGCGTGGTGGTGTCGATGNNKGAA,CGAAGCGGCGTCGAAGC
NBO_AD07,LacI75100_Fw_1mut_98NNK,GATCAACTGGGTGCCAGCGTGGTGGTGTCGNNKGTAGAACGAAGCGGCGTCGAAGC,GATCAACTGGGTGCCAGCGTGGTGGTGTCGNNKGTAGAA,CGAAGCGGCGTCGAAGC
NBO_AD08,LacI75100_Fw_1mut_97NNK,GATCAACTGGGTGCCAGCGTGGTGGTGNNKATGGTAGAACGAAGCGGCGTCGAAGC,GATCAACTGGGTGCCAGCGTGGTGGTGNNKATGGTAGAA,CGAAGCGGCGTCGAAGC
NBO_AD09,LacI75100_Fw_1mut_96NNK,GATCAACTGGGTGCCAGCGTGGTGNNKTCGATGGTAGAACGAAGCGGCGTCGAAGC,GATCAACTGGGTGCCAGCGTGGTGNNKTCGATGGTAGAA,CGAAGCGGCGTCGAAGC
NBO_AD10,LacI75100_Fw_1mut_95NNK,GATCAACTGGGTGCCAGCGTGNNKGTGTCGATGGTAGAACGAAGCGGCGTCGAAGC,GATCAACTGGGTGCCAGCGTGNNKGTGTCGATGGTAGAA,CGAAGCGGCGTCGAAGC
NBO_AD11,LacI75100_Fw_1mut_94NNK,GATCAACTGGGTGCCAGCNNKGTGGTGTCGATGGTAGAACGAAGCGGCGTCGAAGC,GATCAACTGGGTGCCAGCNNKGTGGTGTCGATGGTAGAA,CGAAGCGGCGTCGAAGC
NBO_AD12,LacI75100_Fw_1mut_93NNK,GATCAACTGGGTGCCNNKGTGGTGGTGTCGATGGTAGAACGAAGCGGCGTCGAAGC,GATCAACTGGGTGCCNNKGTGGTGGTGTCGATGGTAGAA,CGAAGCGGCGTCGAAGC
NBO_AD13,LacI75100_Fw_1mut_92NNK,GATCAACTGGGTNNKAGCGTGGTGGTGTCGATGGTAGAACGAAGCGGCGTCGAAGC,GATCAACTGGGTNNKAGCGTGGTGGTGTCGATGGTAGAA,CGAAGCGGCGTCGAAGC
NBO_AD14,LacI75100_Fw_1mut_91NNK,GATCAACTGNNKGCCAGCGTGGTGGTGTCGATGGTAGAACGAAGCGGCGTCGAAGC,GATCAACTGNNKGCCAGCGTGGTGGTGTCGATGGTAGAA,CGAAGCGGCGTCGAAGC
NBO_AD15,LacI75100_Fw_1mut_90NNK,GATCAANNKGGTGCCAGCGTGGTGGTGTCGATGGTAGAACGAAGCGGCGTCGAAGC,GATCAANNKGGTGCCAGCGTGGTGGTGTCGATGGTAGAA,CGAAGCGGCGTCGAAGC
NBO_AD16,LacI75100_Fw_1mut_89NNK,GATNNKCTGGGTGCCAGCGTGGTGGTGTCGATGGTAGAACGAAGCGGCGTCGAAGC,GATNNKCTGGGTGCCAGCGTGGTGGTGTCGATGGTAGAA,CGAAGCGGCGTCGAAGC
NBO_AD17,LacI75100_Fw_1mut_88NNK,NNKCAACTGGGTGCCAGCGTGGTGGTGTCGATGGTAGAACGAAGCGGCGTCGAAGC,NNKCAACTGGGTGCCAGCGTGGTGGTGTCGATGGTAGAA,CGAAGCGGCGTCGAAGC
NBO_AD18,LacI75100_Rv_1mut_75MNN,GGCGCGAGATTTAATCGCCGCGACAATTTGCGACGGMNNGTGCAGGGCCAGACTGGAG,GGCGCGAGATTTAATCGCCGCGACAATTTGCGACGGMNN,GTGCAGGGCCAGACTGGAG
NBO_AD19,LacI75100_Rv_1mut_76MNN,GGCGCGAGATTTAATCGCCGCGACAATTTGCGAMNNCGCGTGCAGGGCCAGACTGGAG,GGCGCGAGATTTAATCGCCGCGACAATTTGCGAMNNCGC,GTGCAGGGCCAGACTGGAG
NBO_AD20,LacI75100_Rv_1mut_77MNN,GGCGCGAGATTTAATCGCCGCGACAATTTGMNNCGGCGCGTGCAGGGCCAGACTGGAG,GGCGCGAGATTTAATCGCCGCGACAATTTGMNNCGGCGC,GTGCAGGGCCAGACTGGAG
NBO_AD21,LacI75100_Rv_1mut_78MNN,GGCGCGAGATTTAATCGCCGCGACAATMNNCGACGGCGCGTGCAGGGCCAGACTGGAG,GGCGCGAGATTTAATCGCCGCGACAATMNNCGACGGCGC,GTGCAGGGCCAGACTGGAG
NBO_AD22,LacI75100_Rv_1mut_79MNN,GGCGCGAGATTTAATCGCCGCGACMNNTTGCGACGGCGCGTGCAGGGCCAGACTGGAG,GGCGCGAGATTTAATCGCCGCGACMNNTTGCGACGGCGC,GTGCAGGGCCAGACTGGAG
NBO_AD23,LacI75100_Rv_1mut_80MNN,GGCGCGAGATTTAATCGCCGCMNNAATTTGCGACGGCGCGTGCAGGGCCAGACTGGAG,GGCGCGAGATTTAATCGCCGCMNNAATTTGCGACGGCGC,GTGCAGGGCCAGACTGGAG
NBO_AD24,LacI75100_Rv_1mut_81MNN,GGCGCGAGATTTAATCGCMNNGACAATTTGCGACGGCGCGTGCAGGGCCAGACTGGAG,GGCGCGAGATTTAATCGCMNNGACAATTTGCGACGGCGC,GTGCAGGGCCAGACTGGAG
NBO_AD25,LacI75100_Rv_1mut_82MNN,GGCGCGAGATTTAATMNNCGCGACAATTTGCGACGGCGCGTGCAGGGCCAGACTGGAG,GGCGCGAGATTTAATMNNCGCGACAATTTGCGACGGCGC,GTGCAGGGCCAGACTGGAG
NBO_AD26,LacI75100_Rv_1mut_83MNN,GGCGCGAGATTTMNNCGCCGCGACAATTTGCGACGGCGCGTGCAGGGCCAGACTGGAG,GGCGCGAGATTTMNNCGCCGCGACAATTTGCGACGGCGC,GTGCAGGGCCAGACTGGAG
NBO_AD27,LacI75100_Rv_1mut_84MNN,GGCGCGAGAMNNAATCGCCGCGACAATTTGCGACGGCGCGTGCAGGGCCAGACTGGAG,GGCGCGAGAMNNAATCGCCGCGACAATTTGCGACGGCGC,GTGCAGGGCCAGACTGGAG
NBO_AD28,LacI75100_Rv_1mut_85MNN,GGCGCGMNNTTTAATCGCCGCGACAATTTGCGACGGCGCGTGCAGGGCCAGACTGGAG,GGCGCGMNNTTTAATCGCCGCGACAATTTGCGACGGCGC,GTGCAGGGCCAGACTGGAG
NBO_AD29,LacI75100_Rv_1mut_86MNN,GGCMNNAGATTTAATCGCCGCGACAATTTGCGACGGCGCGTGCAGGGCCAGACTGGAG,GGCMNNAGATTTAATCGCCGCGACAATTTGCGACGGCGC,GTGCAGGGCCAGACTGGAG
NBO_AD30,LacI75100_Rv_1mut_87MNN,MNNGCGAGATTTAATCGCCGCGACAATTTGCGACGGCGCGTGCAGGGCCAGACTGGAG,MNNGCGAGATTTAATCGCCGCGACAATTTGCGACGGCGC,GTGCAGGGCCAGACTGGAG
NBO_AD31,LacI75100_Rv_2mut_84MNN_75MNN,GGCGCGAGAMNNAATCGCCGCGACAATTTGCGACGGMNNGTGCAGGGCCAGACTGGAG,GGCGCGAGAMNNAATCGCCGCGACAATTTGCGACGGMNN,GTGCAGGGCCAGACTGGAG
NBO_AD32,LacI75100_Rv_2mut_84MNN_76MNN,GGCGCGAGAMNNAATCGCCGCGACAATTTGCGAMNNCGCGTGCAGGGCCAGACTGGAG,GGCGCGAGAMNNAATCGCCGCGACAATTTGCGAMNNCGC,GTGCAGGGCCAGACTGGAG
NBO_AD33,LacI75100_Rv_2mut_84MNN_77MNN,GGCGCGAGAMNNAATCGCCGCGACAATTTGMNNCGGCGCGTGCAGGGCCAGACTGGAG,GGCGCGAGAMNNAATCGCCGCGACAATTTGMNNCGGCGC,GTGCAGGGCCAGACTGGAG
NBO_AD34,LacI75100_Rv_2mut_84MNN_78MNN,GGCGCGAGAMNNAATCGCCGCGACAATMNNCGACGGCGCGTGCAGGGCCAGACTGGAG,GGCGCGAGAMNNAATCGCCGCGACAATMNNCGACGGCGC,GTGCAGGGCCAGACTGGAG
NBO_AD35,LacI75100_Rv_2mut_84MNN_79MNN,GGCGCGAGAMNNAATCGCCGCGACMNNTTGCGACGGCGCGTGCAGGGCCAGACTGGAG,GGCGCGAGAMNNAATCGCCGCGACMNNTTGCGACGGCGC,GTGCAGGGCCAGACTGGAG
NBO_AD36,LacI75100_Rv_2mut_84MNN_80MNN,GGCGCGAGAMNNAATCGCCGCMNNAATTTGCGACGGCGCGTGCAGGGCCAGACTGGAG,GGCGCGAGAMNNAATCGCCGCMNNAATTTGCGACGGCGC,GTGCAGGGCCAGACTGGAG
NBO_AD37,LacI75100_Rv_2mut_84MNN_81MNN,GGCGCGAGAMNNAATCGCMNNGACAATTTGCGACGGCGCGTGCAGGGCCAGACTGGAG,GGCGCGAGAMNNAATCGCMNNGACAATTTGCGACGGCGC,GTGCAGGGCCAGACTGGAG
NBO_AD38,LacI75100_Rv_2mut_84MNN_82MNN,GGCGCGAGAMNNAATMNNCGCGACAATTTGCGACGGCGCGTGCAGGGCCAGACTGGAG,GGCGCGAGAMNNAATMNNCGCGACAATTTGCGACGGCGC,GTGCAGGGCCAGACTGGAG
NBO_AD39,LacI75100_Rv_2mut_84MNN_83MNN,GGCGCGAGAMNNMNNCGCCGCGACAATTTGCGACGGCGCGTGCAGGGCCAGACTGGAG,GGCGCGAGAMNNMNNCGCCGCGACAATTTGCGACGGCGC,GTGCAGGGCCAGACTGGAG
NBO_AD40,LacI75100_Rv_2mut_84MNN_84MNN,GGCGCGAGAMNNAATCGCCGCGACAATTTGCGACGGCGCGTGCAGGGCCAGACTGGAG,GGCGCGAGAMNNAATCGCCGCGACAATTTGCGACGGCGC,GTGCAGGGCCAGACTGGAG
NBO_AD41,LacI75100_Rv_2mut_84MNN_85MNN,GGCGCGMNNMNNAATCGCCGCGACAATTTGCGACGGCGCGTGCAGGGCCAGACTGGAG,GGCGCGMNNMNNAATCGCCGCGACAATTTGCGACGGCGC,GTGCAGGGCCAGACTGGAG
NBO_AD42,LacI75100_Rv_2mut_84MNN_86MNN,GGCMNNAGAMNNAATCGCCGCGACAATTTGCGACGGCGCGTGCAGGGCCAGACTGGAG,GGCMNNAGAMNNAATCGCCGCGACAATTTGCGACGGCGC,GTGCAGGGCCAGACTGGAG
NBO_AD43,LacI75100_Rv_2mut_84MNN_87MNN,MNNGCGAGAMNNAATCGCCGCGACAATTTGCGACGGCGCGTGCAGGGCCAGACTGGAG,MNNGCGAGAMNNAATCGCCGCGACAATTTGCGACGGCGC,GTGCAGGGCCAGACTGGAG
